,MaxDate
1969-12-31 18:00:01,1584241837
2020-03-14 22:10:37,1584465354
2020-03-17 12:15:54,1584473725
2020-03-17 14:35:25,1584539255
2020-03-18 08:47:35,1584544781
2020-03-18 10:19:41,1584557928
2020-03-18 13:58:48,1584558575
2020-03-18 14:09:35,1584559288
2020-03-18 14:21:28,1584725965
2020-03-20 12:39:25,1585020944
2020-03-23 22:35:44,1585153398
<<<<<<< HEAD
2020-03-25 11:23:18,1585598025
2020-03-30 14:53:45,1585680735
2020-03-31 13:52:15,1585753914
2020-04-01 10:11:54,1585763856
2020-04-01 12:57:36,1585771986
2020-04-01 15:13:06,1585774800
2020-04-01 16:00:00,1585851422
2020-04-02 13:17:02,1585920125
2020-04-03 08:22:05,1586181417
2020-04-06 08:56:57,1586188684
2020-04-06 10:58:04,1586286776
2020-04-07 14:12:56,1586355216
2020-04-08 09:13:36,1586362090
2020-04-08 11:08:10,1586371295
2020-04-08 13:41:35,1586447350
2020-04-09 10:49:10,1586496512
2020-04-10 00:28:32,1587359545
2020-04-20 00:12:25,1587671370
2020-04-23 14:49:30,1588253194
=======
2020-03-25 11:23:18,1586737420
2020-04-12 19:23:40,1587673567
>>>>>>> 03df76a8e2a9895802b63dad89d46869bff57c0f
2020-04-30 08:26:34,1598626644
